

SET NAMES utf8mb4;
SET FOREIGN_KEY_CHECKS = 0;

-- ----------------------------
-- Table structure for qrtz_blob_triggers
-- ----------------------------
DROP TABLE IF EXISTS `qrtz_blob_triggers`;
CREATE TABLE `qrtz_blob_triggers` (
  `sched_name` varchar(120) CHARACTER SET utf8mb4 COLLATE utf8mb4_general_ci NOT NULL COMMENT '调度名称',
  `trigger_name` varchar(200) CHARACTER SET utf8mb4 COLLATE utf8mb4_general_ci NOT NULL COMMENT 'qrtz_triggers表trigger_name的外键',
  `trigger_group` varchar(200) CHARACTER SET utf8mb4 COLLATE utf8mb4_general_ci NOT NULL COMMENT 'qrtz_triggers表trigger_group的外键',
  `blob_data` blob COMMENT '存放持久化Trigger对象',
  PRIMARY KEY (`sched_name`,`trigger_name`,`trigger_group`) USING BTREE,
  CONSTRAINT `QRTZ_BLOB_TRIGGERS_ibfk_1` FOREIGN KEY (`sched_name`, `trigger_name`, `trigger_group`) REFERENCES `qrtz_triggers` (`sched_name`, `trigger_name`, `trigger_group`) ON DELETE RESTRICT ON UPDATE RESTRICT
) ENGINE=InnoDB DEFAULT CHARSET=utf8mb4 COLLATE=utf8mb4_general_ci COMMENT='Blob类型的触发器表';

-- ----------------------------
-- Records of qrtz_blob_triggers
-- ----------------------------
BEGIN;
COMMIT;

-- ----------------------------
-- Table structure for qrtz_calendars
-- ----------------------------
DROP TABLE IF EXISTS `qrtz_calendars`;
CREATE TABLE `qrtz_calendars` (
  `sched_name` varchar(120) CHARACTER SET utf8mb4 COLLATE utf8mb4_general_ci NOT NULL COMMENT '调度名称',
  `calendar_name` varchar(200) CHARACTER SET utf8mb4 COLLATE utf8mb4_general_ci NOT NULL COMMENT '日历名称',
  `calendar` blob NOT NULL COMMENT '存放持久化calendar对象',
  PRIMARY KEY (`sched_name`,`calendar_name`) USING BTREE
) ENGINE=InnoDB DEFAULT CHARSET=utf8mb4 COLLATE=utf8mb4_general_ci COMMENT='日历信息表';

-- ----------------------------
-- Records of qrtz_calendars
-- ----------------------------
BEGIN;
COMMIT;

-- ----------------------------
-- Table structure for qrtz_cron_triggers
-- ----------------------------
DROP TABLE IF EXISTS `qrtz_cron_triggers`;
CREATE TABLE `qrtz_cron_triggers` (
  `sched_name` varchar(120) CHARACTER SET utf8mb4 COLLATE utf8mb4_general_ci NOT NULL COMMENT '调度名称',
  `trigger_name` varchar(200) CHARACTER SET utf8mb4 COLLATE utf8mb4_general_ci NOT NULL COMMENT 'qrtz_triggers表trigger_name的外键',
  `trigger_group` varchar(200) CHARACTER SET utf8mb4 COLLATE utf8mb4_general_ci NOT NULL COMMENT 'qrtz_triggers表trigger_group的外键',
  `cron_expression` varchar(200) CHARACTER SET utf8mb4 COLLATE utf8mb4_general_ci NOT NULL COMMENT 'cron表达式',
  `time_zone_id` varchar(80) CHARACTER SET utf8mb4 COLLATE utf8mb4_general_ci DEFAULT NULL COMMENT '时区',
  PRIMARY KEY (`sched_name`,`trigger_name`,`trigger_group`) USING BTREE,
  CONSTRAINT `QRTZ_CRON_TRIGGERS_ibfk_1` FOREIGN KEY (`sched_name`, `trigger_name`, `trigger_group`) REFERENCES `qrtz_triggers` (`sched_name`, `trigger_name`, `trigger_group`) ON DELETE RESTRICT ON UPDATE RESTRICT
) ENGINE=InnoDB DEFAULT CHARSET=utf8mb4 COLLATE=utf8mb4_general_ci COMMENT='Cron类型的触发器表';

-- ----------------------------
-- Records of qrtz_cron_triggers
-- ----------------------------
BEGIN;
INSERT INTO `qrtz_cron_triggers` (`sched_name`, `trigger_name`, `trigger_group`, `cron_expression`, `time_zone_id`) VALUES ('FxzScheduler', 'TASK_CLASS_NAME108', 'default', '* * * * * ?', 'Asia/Shanghai');
INSERT INTO `qrtz_cron_triggers` (`sched_name`, `trigger_name`, `trigger_group`, `cron_expression`, `time_zone_id`) VALUES ('FxzScheduler', 'TASK_CLASS_NAME109', 'fxz', '* * * * * ?', 'Asia/Shanghai');
INSERT INTO `qrtz_cron_triggers` (`sched_name`, `trigger_name`, `trigger_group`, `cron_expression`, `time_zone_id`) VALUES ('FxzScheduler', 'TASK_CLASS_NAME110', 'fxz', '* * * * * ?', 'Asia/Shanghai');
INSERT INTO `qrtz_cron_triggers` (`sched_name`, `trigger_name`, `trigger_group`, `cron_expression`, `time_zone_id`) VALUES ('FxzScheduler', 'TASK_CLASS_NAMEnull', 'default', '0/10 * * * * ?', 'Asia/Shanghai');
INSERT INTO `qrtz_cron_triggers` (`sched_name`, `trigger_name`, `trigger_group`, `cron_expression`, `time_zone_id`) VALUES ('RuoyiScheduler', 'TASK_CLASS_NAME1', 'DEFAULT', '0/10 * * * * ?', 'Asia/Shanghai');
INSERT INTO `qrtz_cron_triggers` (`sched_name`, `trigger_name`, `trigger_group`, `cron_expression`, `time_zone_id`) VALUES ('RuoyiScheduler', 'TASK_CLASS_NAME100', 'DEFAULT', '* * * * * ?', 'Asia/Shanghai');
INSERT INTO `qrtz_cron_triggers` (`sched_name`, `trigger_name`, `trigger_group`, `cron_expression`, `time_zone_id`) VALUES ('RuoyiScheduler', 'TASK_CLASS_NAME101', 'DEFAULT', '* * * * * ?', 'Asia/Shanghai');
INSERT INTO `qrtz_cron_triggers` (`sched_name`, `trigger_name`, `trigger_group`, `cron_expression`, `time_zone_id`) VALUES ('RuoyiScheduler', 'TASK_CLASS_NAME102', 'DEFAULT', '1-2 * * * * ?', 'Asia/Shanghai');
INSERT INTO `qrtz_cron_triggers` (`sched_name`, `trigger_name`, `trigger_group`, `cron_expression`, `time_zone_id`) VALUES ('RuoyiScheduler', 'TASK_CLASS_NAME104', 'SYSTEM', '* * * * * ?', 'Asia/Shanghai');
INSERT INTO `qrtz_cron_triggers` (`sched_name`, `trigger_name`, `trigger_group`, `cron_expression`, `time_zone_id`) VALUES ('RuoyiScheduler', 'TASK_CLASS_NAME2', 'DEFAULT', '0/15 * * * * ?', 'Asia/Shanghai');
INSERT INTO `qrtz_cron_triggers` (`sched_name`, `trigger_name`, `trigger_group`, `cron_expression`, `time_zone_id`) VALUES ('RuoyiScheduler', 'TASK_CLASS_NAME3', 'DEFAULT', '0/20 * * * * ?', 'Asia/Shanghai');
COMMIT;

-- ----------------------------
-- Table structure for qrtz_fired_triggers
-- ----------------------------
DROP TABLE IF EXISTS `qrtz_fired_triggers`;
CREATE TABLE `qrtz_fired_triggers` (
  `sched_name` varchar(120) CHARACTER SET utf8mb4 COLLATE utf8mb4_general_ci NOT NULL COMMENT '调度名称',
  `entry_id` varchar(95) CHARACTER SET utf8mb4 COLLATE utf8mb4_general_ci NOT NULL COMMENT '调度器实例id',
  `trigger_name` varchar(200) CHARACTER SET utf8mb4 COLLATE utf8mb4_general_ci NOT NULL COMMENT 'qrtz_triggers表trigger_name的外键',
  `trigger_group` varchar(200) CHARACTER SET utf8mb4 COLLATE utf8mb4_general_ci NOT NULL COMMENT 'qrtz_triggers表trigger_group的外键',
  `instance_name` varchar(200) CHARACTER SET utf8mb4 COLLATE utf8mb4_general_ci NOT NULL COMMENT '调度器实例名',
  `fired_time` bigint(20) NOT NULL COMMENT '触发的时间',
  `sched_time` bigint(20) NOT NULL COMMENT '定时器制定的时间',
  `priority` int(11) NOT NULL COMMENT '优先级',
  `state` varchar(16) CHARACTER SET utf8mb4 COLLATE utf8mb4_general_ci NOT NULL COMMENT '状态',
  `job_name` varchar(200) CHARACTER SET utf8mb4 COLLATE utf8mb4_general_ci DEFAULT NULL COMMENT '任务名称',
  `job_group` varchar(200) CHARACTER SET utf8mb4 COLLATE utf8mb4_general_ci DEFAULT NULL COMMENT '任务组名',
  `is_nonconcurrent` varchar(1) CHARACTER SET utf8mb4 COLLATE utf8mb4_general_ci DEFAULT NULL COMMENT '是否并发',
  `requests_recovery` varchar(1) CHARACTER SET utf8mb4 COLLATE utf8mb4_general_ci DEFAULT NULL COMMENT '是否接受恢复执行',
  PRIMARY KEY (`sched_name`,`entry_id`) USING BTREE
) ENGINE=InnoDB DEFAULT CHARSET=utf8mb4 COLLATE=utf8mb4_general_ci COMMENT='已触发的触发器表';

-- ----------------------------
-- Records of qrtz_fired_triggers
-- ----------------------------
BEGIN;
COMMIT;

-- ----------------------------
-- Table structure for qrtz_job_details
-- ----------------------------
DROP TABLE IF EXISTS `qrtz_job_details`;
CREATE TABLE `qrtz_job_details` (
  `sched_name` varchar(120) CHARACTER SET utf8mb4 COLLATE utf8mb4_general_ci NOT NULL COMMENT '调度名称',
  `job_name` varchar(200) CHARACTER SET utf8mb4 COLLATE utf8mb4_general_ci NOT NULL COMMENT '任务名称',
  `job_group` varchar(200) CHARACTER SET utf8mb4 COLLATE utf8mb4_general_ci NOT NULL COMMENT '任务组名',
  `description` varchar(250) CHARACTER SET utf8mb4 COLLATE utf8mb4_general_ci DEFAULT NULL COMMENT '相关介绍',
  `job_class_name` varchar(250) CHARACTER SET utf8mb4 COLLATE utf8mb4_general_ci NOT NULL COMMENT '执行任务类名称',
  `is_durable` varchar(1) CHARACTER SET utf8mb4 COLLATE utf8mb4_general_ci NOT NULL COMMENT '是否持久化',
  `is_nonconcurrent` varchar(1) CHARACTER SET utf8mb4 COLLATE utf8mb4_general_ci NOT NULL COMMENT '是否并发',
  `is_update_data` varchar(1) CHARACTER SET utf8mb4 COLLATE utf8mb4_general_ci NOT NULL COMMENT '是否更新数据',
  `requests_recovery` varchar(1) CHARACTER SET utf8mb4 COLLATE utf8mb4_general_ci NOT NULL COMMENT '是否接受恢复执行',
  `job_data` blob COMMENT '存放持久化job对象',
  PRIMARY KEY (`sched_name`,`job_name`,`job_group`) USING BTREE
) ENGINE=InnoDB DEFAULT CHARSET=utf8mb4 COLLATE=utf8mb4_general_ci COMMENT='任务详细信息表';

-- ----------------------------
-- Records of qrtz_job_details
-- ----------------------------
BEGIN;
INSERT INTO `qrtz_job_details` (`sched_name`, `job_name`, `job_group`, `description`, `job_class_name`, `is_durable`, `is_nonconcurrent`, `is_update_data`, `requests_recovery`, `job_data`) VALUES ('FxzScheduler', 'TASK_CLASS_NAME108', 'default', NULL, 'com.fxz.job.utils.QuartzDisallowConcurrentExecution', '0', '1', '0', '0', 0xACED0005737200156F72672E71756172747A2E4A6F62446174614D61709FB083E8BFA9B0CB020000787200266F72672E71756172747A2E7574696C732E537472696E674B65794469727479466C61674D61708208E8C3FBC55D280200015A0013616C6C6F77735472616E7369656E74446174617872001D6F72672E71756172747A2E7574696C732E4469727479466C61674D617013E62EAD28760ACE0200025A000564697274794C00036D617074000F4C6A6176612F7574696C2F4D61703B787001737200116A6176612E7574696C2E486173684D61700507DAC1C31660D103000246000A6C6F6164466163746F724900097468726573686F6C6478703F4000000000000C7708000000100000000174000F5441534B5F50524F5045525449455373720019636F6D2E66787A2E6A6F622E656E746974792E5379734A6F62F943A030EA8A82FA0200094C000A636F6E63757272656E747400124C6A6176612F6C616E672F537472696E673B4C000E63726F6E45787072657373696F6E71007E00094C000C696E766F6B6554617267657471007E00094C00086A6F6247726F757071007E00094C00056A6F6249647400104C6A6176612F6C616E672F4C6F6E673B4C00076A6F624E616D6571007E00094C000D6D697366697265506F6C69637971007E00094C000672656D61726B71007E00094C000673746174757371007E000978720021636F6D2E66787A2E636F6D6D6F6E2E6D702E626173652E42617365456E746974796D0CCC82C48F19D60200044C0008637265617465427971007E00094C000A63726561746554696D657400194C6A6176612F74696D652F4C6F63616C4461746554696D653B4C0008757064617465427971007E00094C000A75706461746554696D6571007E000C787074000366787A7372000D6A6176612E74696D652E536572955D84BA1B2248B20C00007870770A05000007E604031634C87874000366787A7371007E000F770E05000007E6040410163615B23300787400013174000B2A202A202A202A202A203F74001366787A5461736B2E66787A4E6F506172616D7374000764656661756C747372000E6A6176612E6C616E672E4C6F6E673B8BE490CC8F23DF0200014A000576616C7565787200106A6176612E6C616E672E4E756D62657286AC951D0B94E08B0200007870000000000000006C7400047465737474000131740000740001307800);
INSERT INTO `qrtz_job_details` (`sched_name`, `job_name`, `job_group`, `description`, `job_class_name`, `is_durable`, `is_nonconcurrent`, `is_update_data`, `requests_recovery`, `job_data`) VALUES ('FxzScheduler', 'TASK_CLASS_NAME109', 'fxz', NULL, 'com.fxz.job.utils.QuartzDisallowConcurrentExecution', '0', '1', '0', '0', 0xACED0005737200156F72672E71756172747A2E4A6F62446174614D61709FB083E8BFA9B0CB020000787200266F72672E71756172747A2E7574696C732E537472696E674B65794469727479466C61674D61708208E8C3FBC55D280200015A0013616C6C6F77735472616E7369656E74446174617872001D6F72672E71756172747A2E7574696C732E4469727479466C61674D617013E62EAD28760ACE0200025A000564697274794C00036D617074000F4C6A6176612F7574696C2F4D61703B787001737200116A6176612E7574696C2E486173684D61700507DAC1C31660D103000246000A6C6F6164466163746F724900097468726573686F6C6478703F4000000000000C7708000000100000000174000F5441534B5F50524F5045525449455373720019636F6D2E66787A2E6A6F622E656E746974792E5379734A6F62F943A030EA8A82FA0200094C000A636F6E63757272656E747400124C6A6176612F6C616E672F537472696E673B4C000E63726F6E45787072657373696F6E71007E00094C000C696E766F6B6554617267657471007E00094C00086A6F6247726F757071007E00094C00056A6F6249647400104C6A6176612F6C616E672F4C6F6E673B4C00076A6F624E616D6571007E00094C000D6D697366697265506F6C69637971007E00094C000672656D61726B71007E00094C000673746174757371007E000978720021636F6D2E66787A2E636F6D6D6F6E2E6D702E626173652E42617365456E746974796D0CCC82C48F19D60200044C0008637265617465427971007E00094C000A63726561746554696D657400194C6A6176612F74696D652F4C6F63616C4461746554696D653B4C0008757064617465427971007E00094C000A75706461746554696D6571007E000C787074000366787A7372000D6A6176612E74696D652E536572955D84BA1B2248B20C00007870770A05000007E604031716D27874000366787A7371007E000F770E05000007E604040F0C2B0791DDC0787400013174000B2A202A202A202A202A203F74001866787A5461736B2E66787A506172616D73282766787A272974000366787A7372000E6A6176612E6C616E672E4C6F6E673B8BE490CC8F23DF0200014A000576616C7565787200106A6176612E6C616E672E4E756D62657286AC951D0B94E08B0200007870000000000000006D74000366787A74000133740000740001317800);
INSERT INTO `qrtz_job_details` (`sched_name`, `job_name`, `job_group`, `description`, `job_class_name`, `is_durable`, `is_nonconcurrent`, `is_update_data`, `requests_recovery`, `job_data`) VALUES ('FxzScheduler', 'TASK_CLASS_NAME110', 'fxz', NULL, 'com.fxz.job.utils.QuartzJobExecution', '0', '0', '0', '0', 0xACED0005737200156F72672E71756172747A2E4A6F62446174614D61709FB083E8BFA9B0CB020000787200266F72672E71756172747A2E7574696C732E537472696E674B65794469727479466C61674D61708208E8C3FBC55D280200015A0013616C6C6F77735472616E7369656E74446174617872001D6F72672E71756172747A2E7574696C732E4469727479466C61674D617013E62EAD28760ACE0200025A000564697274794C00036D617074000F4C6A6176612F7574696C2F4D61703B787001737200116A6176612E7574696C2E486173684D61700507DAC1C31660D103000246000A6C6F6164466163746F724900097468726573686F6C6478703F4000000000000C7708000000100000000174000F5441534B5F50524F5045525449455373720019636F6D2E66787A2E6A6F622E656E746974792E5379734A6F62F943A030EA8A82FA0200094C000A636F6E63757272656E747400124C6A6176612F6C616E672F537472696E673B4C000E63726F6E45787072657373696F6E71007E00094C000C696E766F6B6554617267657471007E00094C00086A6F6247726F757071007E00094C00056A6F6249647400104C6A6176612F6C616E672F4C6F6E673B4C00076A6F624E616D6571007E00094C000D6D697366697265506F6C69637971007E00094C000672656D61726B71007E00094C000673746174757371007E000978720021636F6D2E66787A2E636F6D6D6F6E2E6D702E626173652E42617365456E746974796D0CCC82C48F19D60200044C0008637265617465427971007E00094C000A63726561746554696D657400194C6A6176612F74696D652F4C6F63616C4461746554696D653B4C0008757064617465427971007E00094C000A75706461746554696D6571007E000C787074000366787A7372000D6A6176612E74696D652E536572955D84BA1B2248B20C00007870770A05000007E604031717D37874000366787A7371007E000F770E05000007E604040F0C2D376EAC80787400013074000B2A202A202A202A202A203F74003B66787A5461736B2E66787A4D756C7469706C65506172616D73282766787A272C20747275652C20323030304C2C203331362E3530442C203130302974000366787A7372000E6A6176612E6C616E672E4C6F6E673B8BE490CC8F23DF0200014A000576616C7565787200106A6176612E6C616E672E4E756D62657286AC951D0B94E08B0200007870000000000000006E74000466787A3174000133740000740001317800);
INSERT INTO `qrtz_job_details` (`sched_name`, `job_name`, `job_group`, `description`, `job_class_name`, `is_durable`, `is_nonconcurrent`, `is_update_data`, `requests_recovery`, `job_data`) VALUES ('FxzScheduler', 'TASK_CLASS_NAMEnull', 'default', NULL, 'com.fxz.job.utils.QuartzJobExecution', '0', '0', '0', '0', 0xACED0005737200156F72672E71756172747A2E4A6F62446174614D61709FB083E8BFA9B0CB020000787200266F72672E71756172747A2E7574696C732E537472696E674B65794469727479466C61674D61708208E8C3FBC55D280200015A0013616C6C6F77735472616E7369656E74446174617872001D6F72672E71756172747A2E7574696C732E4469727479466C61674D617013E62EAD28760ACE0200025A000564697274794C00036D617074000F4C6A6176612F7574696C2F4D61703B787001737200116A6176612E7574696C2E486173684D61700507DAC1C31660D103000246000A6C6F6164466163746F724900097468726573686F6C6478703F4000000000000C7708000000100000000174000F5441534B5F50524F5045525449455373720019636F6D2E66787A2E6A6F622E656E746974792E5379734A6F62F943A030EA8A82FA0200094C000A636F6E63757272656E747400124C6A6176612F6C616E672F537472696E673B4C000E63726F6E45787072657373696F6E71007E00094C000C696E766F6B6554617267657471007E00094C00086A6F6247726F757071007E00094C00056A6F6249647400104C6A6176612F6C616E672F4C6F6E673B4C00076A6F624E616D6571007E00094C000D6D697366697265506F6C69637971007E00094C000672656D61726B71007E00094C000673746174757371007E000978720021636F6D2E66787A2E636F6D6D6F6E2E6D702E626173652E42617365456E746974796D0CCC82C48F19D60200044C0008637265617465427971007E00094C000A63726561746554696D657400194C6A6176612F74696D652F4C6F63616C4461746554696D653B4C0008757064617465427971007E00094C000A75706461746554696D6571007E000C787074000366787A7372000D6A6176612E74696D652E536572955D84BA1B2248B20C00007870770E05000007E60403161A252D89B7007871007E000E71007E00107400013074000E302F3130202A202A202A202A203F7400013174000764656661756C7470740004746573747400013170740001317800);
INSERT INTO `qrtz_job_details` (`sched_name`, `job_name`, `job_group`, `description`, `job_class_name`, `is_durable`, `is_nonconcurrent`, `is_update_data`, `requests_recovery`, `job_data`) VALUES ('RuoyiScheduler', 'TASK_CLASS_NAME1', 'DEFAULT', NULL, 'com.ruoyi.job.util.QuartzDisallowConcurrentExecution', '0', '1', '0', '0', 0xACED0005737200156F72672E71756172747A2E4A6F62446174614D61709FB083E8BFA9B0CB020000787200266F72672E71756172747A2E7574696C732E537472696E674B65794469727479466C61674D61708208E8C3FBC55D280200015A0013616C6C6F77735472616E7369656E74446174617872001D6F72672E71756172747A2E7574696C732E4469727479466C61674D617013E62EAD28760ACE0200025A000564697274794C00036D617074000F4C6A6176612F7574696C2F4D61703B787001737200116A6176612E7574696C2E486173684D61700507DAC1C31660D103000246000A6C6F6164466163746F724900097468726573686F6C6478703F4000000000000C7708000000100000000174000F5441534B5F50524F504552544945537372001B636F6D2E72756F79692E6A6F622E646F6D61696E2E5379734A6F6200000000000000010200084C000A636F6E63757272656E747400124C6A6176612F6C616E672F537472696E673B4C000E63726F6E45787072657373696F6E71007E00094C000C696E766F6B6554617267657471007E00094C00086A6F6247726F757071007E00094C00056A6F6249647400104C6A6176612F6C616E672F4C6F6E673B4C00076A6F624E616D6571007E00094C000D6D697366697265506F6C69637971007E00094C000673746174757371007E00097872002B636F6D2E72756F79692E636F6D6D6F6E2E636F72652E7765622E646F6D61696E2E42617365456E7469747900000000000000010200074C0008637265617465427971007E00094C000A63726561746554696D657400104C6A6176612F7574696C2F446174653B4C0006706172616D7371007E00034C000672656D61726B71007E00094C000B73656172636856616C756571007E00094C0008757064617465427971007E00094C000A75706461746554696D6571007E000C787074000561646D696E7372000E6A6176612E7574696C2E44617465686A81014B597419030000787077080000017FEE2693E078737200176A6176612E7574696C2E4C696E6B6564486173684D617034C04E5C106CC0FB0200015A000B6163636573734F726465727871007E00053F400000000000007708000000100000000078007400007074000561646D696E707400013174000E302F3130202A202A202A202A203F74001172795461736B2E72794E6F506172616D7374000744454641554C547372000E6A6176612E6C616E672E4C6F6E673B8BE490CC8F23DF0200014A000576616C7565787200106A6176612E6C616E672E4E756D62657286AC951D0B94E08B02000078700000000000000001740018E7B3BBE7BB9FE9BB98E8AEA4EFBC88E697A0E58F82EFBC8974000133740001307800);
INSERT INTO `qrtz_job_details` (`sched_name`, `job_name`, `job_group`, `description`, `job_class_name`, `is_durable`, `is_nonconcurrent`, `is_update_data`, `requests_recovery`, `job_data`) VALUES ('RuoyiScheduler', 'TASK_CLASS_NAME100', 'DEFAULT', NULL, 'com.ruoyi.job.util.QuartzDisallowConcurrentExecution', '0', '1', '0', '0', 0xACED0005737200156F72672E71756172747A2E4A6F62446174614D61709FB083E8BFA9B0CB020000787200266F72672E71756172747A2E7574696C732E537472696E674B65794469727479466C61674D61708208E8C3FBC55D280200015A0013616C6C6F77735472616E7369656E74446174617872001D6F72672E71756172747A2E7574696C732E4469727479466C61674D617013E62EAD28760ACE0200025A000564697274794C00036D617074000F4C6A6176612F7574696C2F4D61703B787001737200116A6176612E7574696C2E486173684D61700507DAC1C31660D103000246000A6C6F6164466163746F724900097468726573686F6C6478703F4000000000000C7708000000100000000174000F5441534B5F50524F504552544945537372001B636F6D2E72756F79692E6A6F622E646F6D61696E2E5379734A6F6200000000000000010200084C000A636F6E63757272656E747400124C6A6176612F6C616E672F537472696E673B4C000E63726F6E45787072657373696F6E71007E00094C000C696E766F6B6554617267657471007E00094C00086A6F6247726F757071007E00094C00056A6F6249647400104C6A6176612F6C616E672F4C6F6E673B4C00076A6F624E616D6571007E00094C000D6D697366697265506F6C69637971007E00094C000673746174757371007E00097872002B636F6D2E72756F79692E636F6D6D6F6E2E636F72652E7765622E646F6D61696E2E42617365456E7469747900000000000000010200074C0008637265617465427971007E00094C000A63726561746554696D657400104C6A6176612F7574696C2F446174653B4C0006706172616D7371007E00034C000672656D61726B71007E00094C000B73656172636856616C756571007E00094C0008757064617465427971007E00094C000A75706461746554696D6571007E000C787074000561646D696E7070707070707400013174000B2A202A202A202A202A203F74001172795461736B2E72794E6F506172616D7374000744454641554C547372000E6A6176612E6C616E672E4C6F6E673B8BE490CC8F23DF0200014A000576616C7565787200106A6176612E6C616E672E4E756D62657286AC951D0B94E08B02000078700000000000000064740005746573743174000131740001317800);
INSERT INTO `qrtz_job_details` (`sched_name`, `job_name`, `job_group`, `description`, `job_class_name`, `is_durable`, `is_nonconcurrent`, `is_update_data`, `requests_recovery`, `job_data`) VALUES ('RuoyiScheduler', 'TASK_CLASS_NAME101', 'DEFAULT', NULL, 'com.ruoyi.job.util.QuartzDisallowConcurrentExecution', '0', '1', '0', '0', 0xACED0005737200156F72672E71756172747A2E4A6F62446174614D61709FB083E8BFA9B0CB020000787200266F72672E71756172747A2E7574696C732E537472696E674B65794469727479466C61674D61708208E8C3FBC55D280200015A0013616C6C6F77735472616E7369656E74446174617872001D6F72672E71756172747A2E7574696C732E4469727479466C61674D617013E62EAD28760ACE0200025A000564697274794C00036D617074000F4C6A6176612F7574696C2F4D61703B787001737200116A6176612E7574696C2E486173684D61700507DAC1C31660D103000246000A6C6F6164466163746F724900097468726573686F6C6478703F4000000000000C7708000000100000000174000F5441534B5F50524F504552544945537372001B636F6D2E72756F79692E6A6F622E646F6D61696E2E5379734A6F6200000000000000010200084C000A636F6E63757272656E747400124C6A6176612F6C616E672F537472696E673B4C000E63726F6E45787072657373696F6E71007E00094C000C696E766F6B6554617267657471007E00094C00086A6F6247726F757071007E00094C00056A6F6249647400104C6A6176612F6C616E672F4C6F6E673B4C00076A6F624E616D6571007E00094C000D6D697366697265506F6C69637971007E00094C000673746174757371007E00097872002B636F6D2E72756F79692E636F6D6D6F6E2E636F72652E7765622E646F6D61696E2E42617365456E7469747900000000000000010200074C0008637265617465427971007E00094C000A63726561746554696D657400104C6A6176612F7574696C2F446174653B4C0006706172616D7371007E00034C000672656D61726B71007E00094C000B73656172636856616C756571007E00094C0008757064617465427971007E00094C000A75706461746554696D6571007E000C787074000561646D696E7070707070707400013174000B2A202A202A202A202A203F74001172795461736B2E72794E6F506172616D7374000744454641554C547372000E6A6176612E6C616E672E4C6F6E673B8BE490CC8F23DF0200014A000576616C7565787200106A6176612E6C616E672E4E756D62657286AC951D0B94E08B02000078700000000000000065740005746573743274000131740001317800);
INSERT INTO `qrtz_job_details` (`sched_name`, `job_name`, `job_group`, `description`, `job_class_name`, `is_durable`, `is_nonconcurrent`, `is_update_data`, `requests_recovery`, `job_data`) VALUES ('RuoyiScheduler', 'TASK_CLASS_NAME102', 'DEFAULT', NULL, 'com.ruoyi.job.util.QuartzDisallowConcurrentExecution', '0', '1', '0', '0', 0xACED0005737200156F72672E71756172747A2E4A6F62446174614D61709FB083E8BFA9B0CB020000787200266F72672E71756172747A2E7574696C732E537472696E674B65794469727479466C61674D61708208E8C3FBC55D280200015A0013616C6C6F77735472616E7369656E74446174617872001D6F72672E71756172747A2E7574696C732E4469727479466C61674D617013E62EAD28760ACE0200025A000564697274794C00036D617074000F4C6A6176612F7574696C2F4D61703B787001737200116A6176612E7574696C2E486173684D61700507DAC1C31660D103000246000A6C6F6164466163746F724900097468726573686F6C6478703F4000000000000C7708000000100000000174000F5441534B5F50524F504552544945537372001B636F6D2E72756F79692E6A6F622E646F6D61696E2E5379734A6F6200000000000000010200084C000A636F6E63757272656E747400124C6A6176612F6C616E672F537472696E673B4C000E63726F6E45787072657373696F6E71007E00094C000C696E766F6B6554617267657471007E00094C00086A6F6247726F757071007E00094C00056A6F6249647400104C6A6176612F6C616E672F4C6F6E673B4C00076A6F624E616D6571007E00094C000D6D697366697265506F6C69637971007E00094C000673746174757371007E00097872002B636F6D2E72756F79692E636F6D6D6F6E2E636F72652E7765622E646F6D61696E2E42617365456E7469747900000000000000010200074C0008637265617465427971007E00094C000A63726561746554696D657400104C6A6176612F7574696C2F446174653B4C0006706172616D7371007E00034C000672656D61726B71007E00094C000B73656172636856616C756571007E00094C0008757064617465427971007E00094C000A75706461746554696D6571007E000C787074000561646D696E7070707070707400013174000D312D32202A202A202A202A203F74001172795461736B2E72794E6F506172616D7374000744454641554C547372000E6A6176612E6C616E672E4C6F6E673B8BE490CC8F23DF0200014A000576616C7565787200106A6176612E6C616E672E4E756D62657286AC951D0B94E08B02000078700000000000000066740005746573743374000131740001317800);
INSERT INTO `qrtz_job_details` (`sched_name`, `job_name`, `job_group`, `description`, `job_class_name`, `is_durable`, `is_nonconcurrent`, `is_update_data`, `requests_recovery`, `job_data`) VALUES ('RuoyiScheduler', 'TASK_CLASS_NAME104', 'SYSTEM', NULL, 'com.ruoyi.job.util.QuartzDisallowConcurrentExecution', '0', '1', '0', '0', 0xACED0005737200156F72672E71756172747A2E4A6F62446174614D61709FB083E8BFA9B0CB020000787200266F72672E71756172747A2E7574696C732E537472696E674B65794469727479466C61674D61708208E8C3FBC55D280200015A0013616C6C6F77735472616E7369656E74446174617872001D6F72672E71756172747A2E7574696C732E4469727479466C61674D617013E62EAD28760ACE0200025A000564697274794C00036D617074000F4C6A6176612F7574696C2F4D61703B787001737200116A6176612E7574696C2E486173684D61700507DAC1C31660D103000246000A6C6F6164466163746F724900097468726573686F6C6478703F4000000000000C7708000000100000000174000F5441534B5F50524F504552544945537372001B636F6D2E72756F79692E6A6F622E646F6D61696E2E5379734A6F6200000000000000010200084C000A636F6E63757272656E747400124C6A6176612F6C616E672F537472696E673B4C000E63726F6E45787072657373696F6E71007E00094C000C696E766F6B6554617267657471007E00094C00086A6F6247726F757071007E00094C00056A6F6249647400104C6A6176612F6C616E672F4C6F6E673B4C00076A6F624E616D6571007E00094C000D6D697366697265506F6C69637971007E00094C000673746174757371007E00097872002B636F6D2E72756F79692E636F6D6D6F6E2E636F72652E7765622E646F6D61696E2E42617365456E7469747900000000000000010200074C0008637265617465427971007E00094C000A63726561746554696D657400104C6A6176612F7574696C2F446174653B4C0006706172616D7371007E00034C000672656D61726B71007E00094C000B73656172636856616C756571007E00094C0008757064617465427971007E00094C000A75706461746554696D6571007E000C787074000561646D696E7372000E6A6176612E7574696C2E44617465686A81014B597419030000787077080000017FEE817D5078737200176A6176612E7574696C2E4C696E6B6564486173684D617034C04E5C106CC0FB0200015A000B6163636573734F726465727871007E00053F400000000000007708000000100000000078007400007074000561646D696E707400013174000B2A202A202A202A202A203F740002323274000653595354454D7372000E6A6176612E6C616E672E4C6F6E673B8BE490CC8F23DF0200014A000576616C7565787200106A6176612E6C616E672E4E756D62657286AC951D0B94E08B02000078700000000000000068740002323274000131740001317800);
INSERT INTO `qrtz_job_details` (`sched_name`, `job_name`, `job_group`, `description`, `job_class_name`, `is_durable`, `is_nonconcurrent`, `is_update_data`, `requests_recovery`, `job_data`) VALUES ('RuoyiScheduler', 'TASK_CLASS_NAME2', 'DEFAULT', NULL, 'com.ruoyi.job.util.QuartzDisallowConcurrentExecution', '0', '1', '0', '0', 0xACED0005737200156F72672E71756172747A2E4A6F62446174614D61709FB083E8BFA9B0CB020000787200266F72672E71756172747A2E7574696C732E537472696E674B65794469727479466C61674D61708208E8C3FBC55D280200015A0013616C6C6F77735472616E7369656E74446174617872001D6F72672E71756172747A2E7574696C732E4469727479466C61674D617013E62EAD28760ACE0200025A000564697274794C00036D617074000F4C6A6176612F7574696C2F4D61703B787001737200116A6176612E7574696C2E486173684D61700507DAC1C31660D103000246000A6C6F6164466163746F724900097468726573686F6C6478703F4000000000000C7708000000100000000174000F5441534B5F50524F504552544945537372001B636F6D2E72756F79692E6A6F622E646F6D61696E2E5379734A6F6200000000000000010200084C000A636F6E63757272656E747400124C6A6176612F6C616E672F537472696E673B4C000E63726F6E45787072657373696F6E71007E00094C000C696E766F6B6554617267657471007E00094C00086A6F6247726F757071007E00094C00056A6F6249647400104C6A6176612F6C616E672F4C6F6E673B4C00076A6F624E616D6571007E00094C000D6D697366697265506F6C69637971007E00094C000673746174757371007E00097872002B636F6D2E72756F79692E636F6D6D6F6E2E636F72652E7765622E646F6D61696E2E42617365456E7469747900000000000000010200074C0008637265617465427971007E00094C000A63726561746554696D657400104C6A6176612F7574696C2F446174653B4C0006706172616D7371007E00034C000672656D61726B71007E00094C000B73656172636856616C756571007E00094C0008757064617465427971007E00094C000A75706461746554696D6571007E000C787074000561646D696E7372000E6A6176612E7574696C2E44617465686A81014B597419030000787077080000017FEE2693E078707400007070707400013174000E302F3135202A202A202A202A203F74001572795461736B2E7279506172616D7328277279272974000744454641554C547372000E6A6176612E6C616E672E4C6F6E673B8BE490CC8F23DF0200014A000576616C7565787200106A6176612E6C616E672E4E756D62657286AC951D0B94E08B02000078700000000000000002740018E7B3BBE7BB9FE9BB98E8AEA4EFBC88E69C89E58F82EFBC8974000133740001317800);
INSERT INTO `qrtz_job_details` (`sched_name`, `job_name`, `job_group`, `description`, `job_class_name`, `is_durable`, `is_nonconcurrent`, `is_update_data`, `requests_recovery`, `job_data`) VALUES ('RuoyiScheduler', 'TASK_CLASS_NAME3', 'DEFAULT', NULL, 'com.ruoyi.job.util.QuartzDisallowConcurrentExecution', '0', '1', '0', '0', 0xACED0005737200156F72672E71756172747A2E4A6F62446174614D61709FB083E8BFA9B0CB020000787200266F72672E71756172747A2E7574696C732E537472696E674B65794469727479466C61674D61708208E8C3FBC55D280200015A0013616C6C6F77735472616E7369656E74446174617872001D6F72672E71756172747A2E7574696C732E4469727479466C61674D617013E62EAD28760ACE0200025A000564697274794C00036D617074000F4C6A6176612F7574696C2F4D61703B787001737200116A6176612E7574696C2E486173684D61700507DAC1C31660D103000246000A6C6F6164466163746F724900097468726573686F6C6478703F4000000000000C7708000000100000000174000F5441534B5F50524F504552544945537372001B636F6D2E72756F79692E6A6F622E646F6D61696E2E5379734A6F6200000000000000010200084C000A636F6E63757272656E747400124C6A6176612F6C616E672F537472696E673B4C000E63726F6E45787072657373696F6E71007E00094C000C696E766F6B6554617267657471007E00094C00086A6F6247726F757071007E00094C00056A6F6249647400104C6A6176612F6C616E672F4C6F6E673B4C00076A6F624E616D6571007E00094C000D6D697366697265506F6C69637971007E00094C000673746174757371007E00097872002B636F6D2E72756F79692E636F6D6D6F6E2E636F72652E7765622E646F6D61696E2E42617365456E7469747900000000000000010200074C0008637265617465427971007E00094C000A63726561746554696D657400104C6A6176612F7574696C2F446174653B4C0006706172616D7371007E00034C000672656D61726B71007E00094C000B73656172636856616C756571007E00094C0008757064617465427971007E00094C000A75706461746554696D6571007E000C787074000561646D696E7372000E6A6176612E7574696C2E44617465686A81014B597419030000787077080000017FEE2693E078707400007070707400013174000E302F3230202A202A202A202A203F74003872795461736B2E72794D756C7469706C65506172616D7328277279272C20747275652C20323030304C2C203331362E3530442C203130302974000744454641554C547372000E6A6176612E6C616E672E4C6F6E673B8BE490CC8F23DF0200014A000576616C7565787200106A6176612E6C616E672E4E756D62657286AC951D0B94E08B02000078700000000000000003740018E7B3BBE7BB9FE9BB98E8AEA4EFBC88E5A49AE58F82EFBC8974000133740001317800);
COMMIT;

-- ----------------------------
-- Table structure for qrtz_locks
-- ----------------------------
DROP TABLE IF EXISTS `qrtz_locks`;
CREATE TABLE `qrtz_locks` (
  `sched_name` varchar(120) CHARACTER SET utf8mb4 COLLATE utf8mb4_general_ci NOT NULL COMMENT '调度名称',
  `lock_name` varchar(40) CHARACTER SET utf8mb4 COLLATE utf8mb4_general_ci NOT NULL COMMENT '悲观锁名称',
  PRIMARY KEY (`sched_name`,`lock_name`) USING BTREE
) ENGINE=InnoDB DEFAULT CHARSET=utf8mb4 COLLATE=utf8mb4_general_ci COMMENT='存储的悲观锁信息表';

-- ----------------------------
-- Records of qrtz_locks
-- ----------------------------
BEGIN;
INSERT INTO `qrtz_locks` (`sched_name`, `lock_name`) VALUES ('FxzScheduler', 'STATE_ACCESS');
INSERT INTO `qrtz_locks` (`sched_name`, `lock_name`) VALUES ('FxzScheduler', 'TRIGGER_ACCESS');
INSERT INTO `qrtz_locks` (`sched_name`, `lock_name`) VALUES ('RuoyiScheduler', 'STATE_ACCESS');
INSERT INTO `qrtz_locks` (`sched_name`, `lock_name`) VALUES ('RuoyiScheduler', 'TRIGGER_ACCESS');
COMMIT;

-- ----------------------------
-- Table structure for qrtz_paused_trigger_grps
-- ----------------------------
DROP TABLE IF EXISTS `qrtz_paused_trigger_grps`;
CREATE TABLE `qrtz_paused_trigger_grps` (
  `sched_name` varchar(120) CHARACTER SET utf8mb4 COLLATE utf8mb4_general_ci NOT NULL COMMENT '调度名称',
  `trigger_group` varchar(200) CHARACTER SET utf8mb4 COLLATE utf8mb4_general_ci NOT NULL COMMENT 'qrtz_triggers表trigger_group的外键',
  PRIMARY KEY (`sched_name`,`trigger_group`) USING BTREE
) ENGINE=InnoDB DEFAULT CHARSET=utf8mb4 COLLATE=utf8mb4_general_ci COMMENT='暂停的触发器表';

-- ----------------------------
-- Records of qrtz_paused_trigger_grps
-- ----------------------------
BEGIN;
COMMIT;

-- ----------------------------
-- Table structure for qrtz_scheduler_state
-- ----------------------------
DROP TABLE IF EXISTS `qrtz_scheduler_state`;
CREATE TABLE `qrtz_scheduler_state` (
  `sched_name` varchar(120) CHARACTER SET utf8mb4 COLLATE utf8mb4_general_ci NOT NULL COMMENT '调度名称',
  `instance_name` varchar(200) CHARACTER SET utf8mb4 COLLATE utf8mb4_general_ci NOT NULL COMMENT '实例名称',
  `last_checkin_time` bigint(20) NOT NULL COMMENT '上次检查时间',
  `checkin_interval` bigint(20) NOT NULL COMMENT '检查间隔时间',
  PRIMARY KEY (`sched_name`,`instance_name`) USING BTREE
) ENGINE=InnoDB DEFAULT CHARSET=utf8mb4 COLLATE=utf8mb4_general_ci COMMENT='调度器状态表';

-- ----------------------------
-- Records of qrtz_scheduler_state
-- ----------------------------
BEGIN;
INSERT INTO `qrtz_scheduler_state` (`sched_name`, `instance_name`, `last_checkin_time`, `checkin_interval`) VALUES ('FxzScheduler', 'fxzdeMacBook-Pro.local1659862893140', 1659865607957, 15000);
INSERT INTO `qrtz_scheduler_state` (`sched_name`, `instance_name`, `last_checkin_time`, `checkin_interval`) VALUES ('RuoyiScheduler', 'fxz1648969728061', 1648977616500, 15000);
COMMIT;

-- ----------------------------
-- Table structure for qrtz_simple_triggers
-- ----------------------------
DROP TABLE IF EXISTS `qrtz_simple_triggers`;
CREATE TABLE `qrtz_simple_triggers` (
  `sched_name` varchar(120) CHARACTER SET utf8mb4 COLLATE utf8mb4_general_ci NOT NULL COMMENT '调度名称',
  `trigger_name` varchar(200) CHARACTER SET utf8mb4 COLLATE utf8mb4_general_ci NOT NULL COMMENT 'qrtz_triggers表trigger_name的外键',
  `trigger_group` varchar(200) CHARACTER SET utf8mb4 COLLATE utf8mb4_general_ci NOT NULL COMMENT 'qrtz_triggers表trigger_group的外键',
  `repeat_count` bigint(20) NOT NULL COMMENT '重复的次数统计',
  `repeat_interval` bigint(20) NOT NULL COMMENT '重复的间隔时间',
  `times_triggered` bigint(20) NOT NULL COMMENT '已经触发的次数',
  PRIMARY KEY (`sched_name`,`trigger_name`,`trigger_group`) USING BTREE,
  CONSTRAINT `QRTZ_SIMPLE_TRIGGERS_ibfk_1` FOREIGN KEY (`sched_name`, `trigger_name`, `trigger_group`) REFERENCES `qrtz_triggers` (`sched_name`, `trigger_name`, `trigger_group`) ON DELETE RESTRICT ON UPDATE RESTRICT
) ENGINE=InnoDB DEFAULT CHARSET=utf8mb4 COLLATE=utf8mb4_general_ci COMMENT='简单触发器的信息表';

-- ----------------------------
-- Records of qrtz_simple_triggers
-- ----------------------------
BEGIN;
COMMIT;

-- ----------------------------
-- Table structure for qrtz_simprop_triggers
-- ----------------------------
DROP TABLE IF EXISTS `qrtz_simprop_triggers`;
CREATE TABLE `qrtz_simprop_triggers` (
  `sched_name` varchar(120) CHARACTER SET utf8mb4 COLLATE utf8mb4_general_ci NOT NULL COMMENT '调度名称',
  `trigger_name` varchar(200) CHARACTER SET utf8mb4 COLLATE utf8mb4_general_ci NOT NULL COMMENT 'qrtz_triggers表trigger_name的外键',
  `trigger_group` varchar(200) CHARACTER SET utf8mb4 COLLATE utf8mb4_general_ci NOT NULL COMMENT 'qrtz_triggers表trigger_group的外键',
  `str_prop_1` varchar(512) CHARACTER SET utf8mb4 COLLATE utf8mb4_general_ci DEFAULT NULL COMMENT 'String类型的trigger的第一个参数',
  `str_prop_2` varchar(512) CHARACTER SET utf8mb4 COLLATE utf8mb4_general_ci DEFAULT NULL COMMENT 'String类型的trigger的第二个参数',
  `str_prop_3` varchar(512) CHARACTER SET utf8mb4 COLLATE utf8mb4_general_ci DEFAULT NULL COMMENT 'String类型的trigger的第三个参数',
  `int_prop_1` int(11) DEFAULT NULL COMMENT 'int类型的trigger的第一个参数',
  `int_prop_2` int(11) DEFAULT NULL COMMENT 'int类型的trigger的第二个参数',
  `long_prop_1` bigint(20) DEFAULT NULL COMMENT 'long类型的trigger的第一个参数',
  `long_prop_2` bigint(20) DEFAULT NULL COMMENT 'long类型的trigger的第二个参数',
  `dec_prop_1` decimal(13,4) DEFAULT NULL COMMENT 'decimal类型的trigger的第一个参数',
  `dec_prop_2` decimal(13,4) DEFAULT NULL COMMENT 'decimal类型的trigger的第二个参数',
  `bool_prop_1` varchar(1) CHARACTER SET utf8mb4 COLLATE utf8mb4_general_ci DEFAULT NULL COMMENT 'Boolean类型的trigger的第一个参数',
  `bool_prop_2` varchar(1) CHARACTER SET utf8mb4 COLLATE utf8mb4_general_ci DEFAULT NULL COMMENT 'Boolean类型的trigger的第二个参数',
  PRIMARY KEY (`sched_name`,`trigger_name`,`trigger_group`) USING BTREE,
  CONSTRAINT `QRTZ_SIMPROP_TRIGGERS_ibfk_1` FOREIGN KEY (`sched_name`, `trigger_name`, `trigger_group`) REFERENCES `qrtz_triggers` (`sched_name`, `trigger_name`, `trigger_group`) ON DELETE RESTRICT ON UPDATE RESTRICT
) ENGINE=InnoDB DEFAULT CHARSET=utf8mb4 COLLATE=utf8mb4_general_ci COMMENT='同步机制的行锁表';

-- ----------------------------
-- Records of qrtz_simprop_triggers
-- ----------------------------
BEGIN;
COMMIT;

-- ----------------------------
-- Table structure for qrtz_triggers
-- ----------------------------
DROP TABLE IF EXISTS `qrtz_triggers`;
CREATE TABLE `qrtz_triggers` (
  `sched_name` varchar(120) CHARACTER SET utf8mb4 COLLATE utf8mb4_general_ci NOT NULL COMMENT '调度名称',
  `trigger_name` varchar(200) CHARACTER SET utf8mb4 COLLATE utf8mb4_general_ci NOT NULL COMMENT '触发器的名字',
  `trigger_group` varchar(200) CHARACTER SET utf8mb4 COLLATE utf8mb4_general_ci NOT NULL COMMENT '触发器所属组的名字',
  `job_name` varchar(200) CHARACTER SET utf8mb4 COLLATE utf8mb4_general_ci NOT NULL COMMENT 'qrtz_job_details表job_name的外键',
  `job_group` varchar(200) CHARACTER SET utf8mb4 COLLATE utf8mb4_general_ci NOT NULL COMMENT 'qrtz_job_details表job_group的外键',
  `description` varchar(250) CHARACTER SET utf8mb4 COLLATE utf8mb4_general_ci DEFAULT NULL COMMENT '相关介绍',
  `next_fire_time` bigint(20) DEFAULT NULL COMMENT '上一次触发时间（毫秒）',
  `prev_fire_time` bigint(20) DEFAULT NULL COMMENT '下一次触发时间（默认为-1表示不触发）',
  `priority` int(11) DEFAULT NULL COMMENT '优先级',
  `trigger_state` varchar(16) CHARACTER SET utf8mb4 COLLATE utf8mb4_general_ci NOT NULL COMMENT '触发器状态',
  `trigger_type` varchar(8) CHARACTER SET utf8mb4 COLLATE utf8mb4_general_ci NOT NULL COMMENT '触发器的类型',
  `start_time` bigint(20) NOT NULL COMMENT '开始时间',
  `end_time` bigint(20) DEFAULT NULL COMMENT '结束时间',
  `calendar_name` varchar(200) CHARACTER SET utf8mb4 COLLATE utf8mb4_general_ci DEFAULT NULL COMMENT '日程表名称',
  `misfire_instr` smallint(6) DEFAULT NULL COMMENT '补偿执行的策略',
  `job_data` blob COMMENT '存放持久化job对象',
  PRIMARY KEY (`sched_name`,`trigger_name`,`trigger_group`) USING BTREE,
  KEY `sched_name` (`sched_name`,`job_name`,`job_group`) USING BTREE,
  CONSTRAINT `QRTZ_TRIGGERS_ibfk_1` FOREIGN KEY (`sched_name`, `job_name`, `job_group`) REFERENCES `qrtz_job_details` (`sched_name`, `job_name`, `job_group`) ON DELETE RESTRICT ON UPDATE RESTRICT
) ENGINE=InnoDB DEFAULT CHARSET=utf8mb4 COLLATE=utf8mb4_general_ci COMMENT='触发器详细信息表';

-- ----------------------------
-- Records of qrtz_triggers
-- ----------------------------
BEGIN;
INSERT INTO `qrtz_triggers` (`sched_name`, `trigger_name`, `trigger_group`, `job_name`, `job_group`, `description`, `next_fire_time`, `prev_fire_time`, `priority`, `trigger_state`, `trigger_type`, `start_time`, `end_time`, `calendar_name`, `misfire_instr`, `job_data`) VALUES ('FxzScheduler', 'TASK_CLASS_NAME108', 'default', 'TASK_CLASS_NAME108', 'default', NULL, 1649061555000, 1649061554000, 5, 'PAUSED', 'CRON', 1649060574000, 0, NULL, -1, '');
INSERT INTO `qrtz_triggers` (`sched_name`, `trigger_name`, `trigger_group`, `job_name`, `job_group`, `description`, `next_fire_time`, `prev_fire_time`, `priority`, `trigger_state`, `trigger_type`, `start_time`, `end_time`, `calendar_name`, `misfire_instr`, `job_data`) VALUES ('FxzScheduler', 'TASK_CLASS_NAME109', 'fxz', 'TASK_CLASS_NAME109', 'fxz', NULL, 1649060797000, 1649060796000, 5, 'PAUSED', 'CRON', 1649056363000, 0, NULL, 2, '');
INSERT INTO `qrtz_triggers` (`sched_name`, `trigger_name`, `trigger_group`, `job_name`, `job_group`, `description`, `next_fire_time`, `prev_fire_time`, `priority`, `trigger_state`, `trigger_type`, `start_time`, `end_time`, `calendar_name`, `misfire_instr`, `job_data`) VALUES ('FxzScheduler', 'TASK_CLASS_NAME110', 'fxz', 'TASK_CLASS_NAME110', 'fxz', NULL, 1649062752000, 1649062751000, 5, 'PAUSED', 'CRON', 1649056365000, 0, NULL, 2, '');
INSERT INTO `qrtz_triggers` (`sched_name`, `trigger_name`, `trigger_group`, `job_name`, `job_group`, `description`, `next_fire_time`, `prev_fire_time`, `priority`, `trigger_state`, `trigger_type`, `start_time`, `end_time`, `calendar_name`, `misfire_instr`, `job_data`) VALUES ('FxzScheduler', 'TASK_CLASS_NAMEnull', 'default', 'TASK_CLASS_NAMEnull', 'default', NULL, 1648996000000, -1, 5, 'PAUSED', 'CRON', 1648995997000, 0, NULL, -1, '');
INSERT INTO `qrtz_triggers` (`sched_name`, `trigger_name`, `trigger_group`, `job_name`, `job_group`, `description`, `next_fire_time`, `prev_fire_time`, `priority`, `trigger_state`, `trigger_type`, `start_time`, `end_time`, `calendar_name`, `misfire_instr`, `job_data`) VALUES ('RuoyiScheduler', 'TASK_CLASS_NAME1', 'DEFAULT', 'TASK_CLASS_NAME1', 'DEFAULT', NULL, 1648974920000, 1648974910000, 5, 'PAUSED', 'CRON', 1648974013000, 0, NULL, 2, '');
INSERT INTO `qrtz_triggers` (`sched_name`, `trigger_name`, `trigger_group`, `job_name`, `job_group`, `description`, `next_fire_time`, `prev_fire_time`, `priority`, `trigger_state`, `trigger_type`, `start_time`, `end_time`, `calendar_name`, `misfire_instr`, `job_data`) VALUES ('RuoyiScheduler', 'TASK_CLASS_NAME100', 'DEFAULT', 'TASK_CLASS_NAME100', 'DEFAULT', NULL, 1648972704000, 1648972703000, 5, 'PAUSED', 'CRON', 1648972683000, 0, NULL, -1, '');
INSERT INTO `qrtz_triggers` (`sched_name`, `trigger_name`, `trigger_group`, `job_name`, `job_group`, `description`, `next_fire_time`, `prev_fire_time`, `priority`, `trigger_state`, `trigger_type`, `start_time`, `end_time`, `calendar_name`, `misfire_instr`, `job_data`) VALUES ('RuoyiScheduler', 'TASK_CLASS_NAME101', 'DEFAULT', 'TASK_CLASS_NAME101', 'DEFAULT', NULL, 1648973074000, 1648973073000, 5, 'PAUSED', 'CRON', 1648972738000, 0, NULL, -1, '');
INSERT INTO `qrtz_triggers` (`sched_name`, `trigger_name`, `trigger_group`, `job_name`, `job_group`, `description`, `next_fire_time`, `prev_fire_time`, `priority`, `trigger_state`, `trigger_type`, `start_time`, `end_time`, `calendar_name`, `misfire_instr`, `job_data`) VALUES ('RuoyiScheduler', 'TASK_CLASS_NAME102', 'DEFAULT', 'TASK_CLASS_NAME102', 'DEFAULT', NULL, 1648974901000, 1648974842000, 5, 'PAUSED', 'CRON', 1648973880000, 0, NULL, -1, '');
INSERT INTO `qrtz_triggers` (`sched_name`, `trigger_name`, `trigger_group`, `job_name`, `job_group`, `description`, `next_fire_time`, `prev_fire_time`, `priority`, `trigger_state`, `trigger_type`, `start_time`, `end_time`, `calendar_name`, `misfire_instr`, `job_data`) VALUES ('RuoyiScheduler', 'TASK_CLASS_NAME104', 'SYSTEM', 'TASK_CLASS_NAME104', 'SYSTEM', NULL, 1648975277000, 1648975276000, 5, 'PAUSED', 'CRON', 1648975259000, 0, NULL, -1, '');
INSERT INTO `qrtz_triggers` (`sched_name`, `trigger_name`, `trigger_group`, `job_name`, `job_group`, `description`, `next_fire_time`, `prev_fire_time`, `priority`, `trigger_state`, `trigger_type`, `start_time`, `end_time`, `calendar_name`, `misfire_instr`, `job_data`) VALUES ('RuoyiScheduler', 'TASK_CLASS_NAME2', 'DEFAULT', 'TASK_CLASS_NAME2', 'DEFAULT', NULL, 1648974885000, 1648974870000, 5, 'PAUSED', 'CRON', 1648969728000, 0, NULL, 2, '');
INSERT INTO `qrtz_triggers` (`sched_name`, `trigger_name`, `trigger_group`, `job_name`, `job_group`, `description`, `next_fire_time`, `prev_fire_time`, `priority`, `trigger_state`, `trigger_type`, `start_time`, `end_time`, `calendar_name`, `misfire_instr`, `job_data`) VALUES ('RuoyiScheduler', 'TASK_CLASS_NAME3', 'DEFAULT', 'TASK_CLASS_NAME3', 'DEFAULT', NULL, 1648969740000, -1, 5, 'PAUSED', 'CRON', 1648969728000, 0, NULL, 2, '');
COMMIT;

-- ----------------------------
-- Table structure for sys_job
-- ----------------------------
DROP TABLE IF EXISTS `sys_job`;
CREATE TABLE `sys_job` (
  `job_id` bigint(20) NOT NULL AUTO_INCREMENT COMMENT '任务ID',
  `job_name` varchar(64) CHARACTER SET utf8mb4 COLLATE utf8mb4_general_ci NOT NULL DEFAULT '' COMMENT '任务名称',
  `job_group` varchar(64) CHARACTER SET utf8mb4 COLLATE utf8mb4_general_ci NOT NULL DEFAULT 'DEFAULT' COMMENT '任务组名',
  `invoke_target` varchar(500) CHARACTER SET utf8mb4 COLLATE utf8mb4_general_ci NOT NULL COMMENT '调用目标字符串',
  `cron_expression` varchar(255) CHARACTER SET utf8mb4 COLLATE utf8mb4_general_ci DEFAULT '' COMMENT 'cron执行表达式',
  `misfire_policy` varchar(20) CHARACTER SET utf8mb4 COLLATE utf8mb4_general_ci DEFAULT '3' COMMENT '计划执行错误策略（1立即执行 2执行一次 3放弃执行）',
  `concurrent` char(1) CHARACTER SET utf8mb4 COLLATE utf8mb4_general_ci DEFAULT '1' COMMENT '是否并发执行（0允许 1禁止）',
  `status` char(1) CHARACTER SET utf8mb4 COLLATE utf8mb4_general_ci DEFAULT '0' COMMENT '状态（0正常 1暂停）',
  `create_by` varchar(64) CHARACTER SET utf8mb4 COLLATE utf8mb4_general_ci DEFAULT '' COMMENT '创建者',
  `create_time` datetime DEFAULT NULL COMMENT '创建时间',
  `update_by` varchar(64) CHARACTER SET utf8mb4 COLLATE utf8mb4_general_ci DEFAULT '' COMMENT '更新者',
  `update_time` datetime DEFAULT NULL COMMENT '更新时间',
  `remark` varchar(500) CHARACTER SET utf8mb4 COLLATE utf8mb4_general_ci DEFAULT '' COMMENT '备注信息',
  PRIMARY KEY (`job_id`) USING BTREE
) ENGINE=InnoDB AUTO_INCREMENT=111 DEFAULT CHARSET=utf8mb4 COLLATE=utf8mb4_general_ci COMMENT='定时任务调度表';

-- ----------------------------
-- Records of sys_job
-- ----------------------------
BEGIN;
INSERT INTO `sys_job` (`job_id`, `job_name`, `job_group`, `invoke_target`, `cron_expression`, `misfire_policy`, `concurrent`, `status`, `create_by`, `create_time`, `update_by`, `update_time`, `remark`) VALUES (108, 'test', 'default', 'fxzTask.fxzNoParams', '* * * * * ?', '1', '1', '1', 'fxz', '2022-04-03 22:52:55', 'fxz', '2022-05-15 00:48:20', '');
INSERT INTO `sys_job` (`job_id`, `job_name`, `job_group`, `invoke_target`, `cron_expression`, `misfire_policy`, `concurrent`, `status`, `create_by`, `create_time`, `update_by`, `update_time`, `remark`) VALUES (109, 'fxz', 'fxz', 'fxzTask.fxzParams(\'fxz\')', '* * * * * ?', '3', '1', '1', 'fxz', '2022-04-03 23:22:45', 'fxz', '2022-04-04 16:26:37', '');
INSERT INTO `sys_job` (`job_id`, `job_name`, `job_group`, `invoke_target`, `cron_expression`, `misfire_policy`, `concurrent`, `status`, `create_by`, `create_time`, `update_by`, `update_time`, `remark`) VALUES (110, 'fxz1', 'fxz', 'fxzTask.fxzMultipleParams(\'fxz\', true, 2000L, 316.50D, 100)', '* * * * * ?', '3', '0', '1', 'fxz', '2022-04-03 23:23:44', 'fxz', '2022-04-04 16:59:12', '');
COMMIT;

-- ----------------------------
-- Table structure for sys_job_log
-- ----------------------------
DROP TABLE IF EXISTS `sys_job_log`;
CREATE TABLE `sys_job_log` (
  `job_log_id` bigint(20) NOT NULL AUTO_INCREMENT COMMENT '任务日志ID',
  `job_name` varchar(64) CHARACTER SET utf8mb4 COLLATE utf8mb4_general_ci NOT NULL COMMENT '任务名称',
  `job_group` varchar(64) CHARACTER SET utf8mb4 COLLATE utf8mb4_general_ci NOT NULL COMMENT '任务组名',
  `invoke_target` varchar(500) CHARACTER SET utf8mb4 COLLATE utf8mb4_general_ci NOT NULL COMMENT '调用目标字符串',
  `job_message` varchar(500) CHARACTER SET utf8mb4 COLLATE utf8mb4_general_ci DEFAULT NULL COMMENT '日志信息',
  `status` char(1) CHARACTER SET utf8mb4 COLLATE utf8mb4_general_ci DEFAULT '0' COMMENT '执行状态（0正常 1失败）',
  `exception_info` varchar(2000) CHARACTER SET utf8mb4 COLLATE utf8mb4_general_ci DEFAULT '' COMMENT '异常信息',
  `create_time` datetime DEFAULT NULL COMMENT '创建时间',
  PRIMARY KEY (`job_log_id`) USING BTREE
) ENGINE=InnoDB AUTO_INCREMENT=1525518380576915459 DEFAULT CHARSET=utf8mb4 COLLATE=utf8mb4_general_ci COMMENT='定时任务调度日志表';

-- ----------------------------
-- Records of sys_job_log
-- ----------------------------
BEGIN;
INSERT INTO `sys_job_log` (`job_log_id`, `job_name`, `job_group`, `invoke_target`, `job_message`, `status`, `exception_info`, `create_time`) VALUES (1517878757868457986, 'test', 'default', 'fxzTask.fxzNoParams', 'test 总共耗时：17毫秒', '0', '', '2022-04-23 22:51:11');
INSERT INTO `sys_job_log` (`job_log_id`, `job_name`, `job_group`, `invoke_target`, `job_message`, `status`, `exception_info`, `create_time`) VALUES (1517878763367190529, 'test', 'default', 'fxzTask.fxzNoParams', 'test 总共耗时：3毫秒', '0', '', '2022-04-23 22:51:13');
INSERT INTO `sys_job_log` (`job_log_id`, `job_name`, `job_group`, `invoke_target`, `job_message`, `status`, `exception_info`, `create_time`) VALUES (1517878768693956609, 'test', 'default', 'fxzTask.fxzNoParams', 'test 总共耗时：1毫秒', '0', '', '2022-04-23 22:51:14');
INSERT INTO `sys_job_log` (`job_log_id`, `job_name`, `job_group`, `invoke_target`, `job_message`, `status`, `exception_info`, `create_time`) VALUES (1517878773823590401, 'test', 'default', 'fxzTask.fxzNoParams', 'test 总共耗时：1毫秒', '0', '', '2022-04-23 22:51:15');
INSERT INTO `sys_job_log` (`job_log_id`, `job_name`, `job_group`, `invoke_target`, `job_message`, `status`, `exception_info`, `create_time`) VALUES (1517878779301351425, 'test', 'default', 'fxzTask.fxzNoParams', 'test 总共耗时：1毫秒', '0', '', '2022-04-23 22:51:16');
INSERT INTO `sys_job_log` (`job_log_id`, `job_name`, `job_group`, `invoke_target`, `job_message`, `status`, `exception_info`, `create_time`) VALUES (1517878784724586498, 'test', 'default', 'fxzTask.fxzNoParams', 'test 总共耗时：44毫秒', '0', '', '2022-04-23 22:51:18');
INSERT INTO `sys_job_log` (`job_log_id`, `job_name`, `job_group`, `invoke_target`, `job_message`, `status`, `exception_info`, `create_time`) VALUES (1517878789883580417, 'test', 'default', 'fxzTask.fxzNoParams', 'test 总共耗时：2毫秒', '0', '', '2022-04-23 22:51:19');
INSERT INTO `sys_job_log` (`job_log_id`, `job_name`, `job_group`, `invoke_target`, `job_message`, `status`, `exception_info`, `create_time`) VALUES (1525515693877682178, 'test', 'default', 'fxzTask.fxzNoParams', 'test 总共耗时：11毫秒', '0', '', '2022-05-15 00:37:39');
INSERT INTO `sys_job_log` (`job_log_id`, `job_name`, `job_group`, `invoke_target`, `job_message`, `status`, `exception_info`, `create_time`) VALUES (1525515697409286145, 'test', 'default', 'fxzTask.fxzNoParams', 'test 总共耗时：5毫秒', '0', '', '2022-05-15 00:37:40');
INSERT INTO `sys_job_log` (`job_log_id`, `job_name`, `job_group`, `invoke_target`, `job_message`, `status`, `exception_info`, `create_time`) VALUES (1525515700877975554, 'test', 'default', 'fxzTask.fxzNoParams', 'test 总共耗时：1毫秒', '0', '', '2022-05-15 00:37:40');
INSERT INTO `sys_job_log` (`job_log_id`, `job_name`, `job_group`, `invoke_target`, `job_message`, `status`, `exception_info`, `create_time`) VALUES (1525515704334082050, 'test', 'default', 'fxzTask.fxzNoParams', 'test 总共耗时：0毫秒', '0', '', '2022-05-15 00:37:41');
INSERT INTO `sys_job_log` (`job_log_id`, `job_name`, `job_group`, `invoke_target`, `job_message`, `status`, `exception_info`, `create_time`) VALUES (1525515707634999298, 'test', 'default', 'fxzTask.fxzNoParams', 'test 总共耗时：4毫秒', '0', '', '2022-05-15 00:37:42');
INSERT INTO `sys_job_log` (`job_log_id`, `job_name`, `job_group`, `invoke_target`, `job_message`, `status`, `exception_info`, `create_time`) VALUES (1525515710889779201, 'test', 'default', 'fxzTask.fxzNoParams', 'test 总共耗时：2毫秒', '0', '', '2022-05-15 00:37:43');
INSERT INTO `sys_job_log` (`job_log_id`, `job_name`, `job_group`, `invoke_target`, `job_message`, `status`, `exception_info`, `create_time`) VALUES (1525515714601738242, 'test', 'default', 'fxzTask.fxzNoParams', 'test 总共耗时：0毫秒', '0', '', '2022-05-15 00:37:44');
INSERT INTO `sys_job_log` (`job_log_id`, `job_name`, `job_group`, `invoke_target`, `job_message`, `status`, `exception_info`, `create_time`) VALUES (1525515718707961857, 'test', 'default', 'fxzTask.fxzNoParams', 'test 总共耗时：13毫秒', '0', '', '2022-05-15 00:37:45');
INSERT INTO `sys_job_log` (`job_log_id`, `job_name`, `job_group`, `invoke_target`, `job_message`, `status`, `exception_info`, `create_time`) VALUES (1525518380576915458, 'test', 'default', 'fxzTask.fxzNoParams', 'test 总共耗时：8毫秒', '0', '', '2022-05-15 00:48:19');
COMMIT;

SET FOREIGN_KEY_CHECKS = 1;
